INSERT INTO series (id, title, author_id, subgenre_id) VALUES (1, "LOTR", 1, 1);
INSERT INTO series (id, title, author_id, subgenre_id) VALUES (2, "Abhorsen", 2, 2);
INSERT INTO subgenres (id, name) VALUES (1, "Epic");
INSERT INTO subgenres (id, name) VALUES (2, "YA");
INSERT INTO authors (id, name) VALUES (1, "Tolkien");
INSERT INTO authors (id, name) VALUES (2, "Nix");
INSERT INTO books (id, title, year, series_id) VALUES (1, "fellowship", 1970, 1);
INSERT INTO books (id, title, year, series_id) VALUES (2, "towers", 1973, 1);
INSERT INTO books (id, title, year, series_id) VALUES (3, "ring", 1979, 1);
INSERT INTO books (id, title, year, series_id) VALUES (4, "lyreal", 2002, 2);
INSERT INTO books (id, title, year, series_id) VALUES (5, "sabriel", 2004, 2);
INSERT INTO books (id, title, year, series_id) VALUES (6, "abhorsen", 2010, 2);
INSERT INTO characters (id, name, motto, species, series_id, author_id) VALUES (1, "frodo", "ring", "hobbit", 1, 1);
INSERT INTO characters (id, name, motto, species, series_id, author_id) VALUES (2, "elf", "bow", "elf", 1, 1);
INSERT INTO characters (id, name, motto, species, series_id, author_id) VALUES (3, "gimli", "axe", "dwarf", 1, 1);
INSERT INTO characters (id, name, motto, species, series_id, author_id) VALUES (4, "wizard", "pass", "wizard", 1, 1);
INSERT INTO characters (id, name, motto, species, series_id, author_id) VALUES (5, "girl", "bells", "human", 2, 2);
INSERT INTO characters (id, name, motto, species, series_id, author_id) VALUES (6, "man", "mystery", "human", 2, 2);
INSERT INTO characters (id, name, motto, species, series_id, author_id) VALUES (7, "librarian", "dunno", "human", 2, 2);
INSERT INTO characters (id, name, motto, species, series_id, author_id) VALUES (8, "monster", "eat", "monster", 2, 2);
INSERT INTO character_books (id, character_id, book_id) VALUES (1, 1, 1);
INSERT INTO character_books (id, character_id, book_id) VALUES (2, 1, 2);
INSERT INTO character_books (id, character_id, book_id) VALUES (3, 1, 3);
INSERT INTO character_books (id, character_id, book_id) VALUES (4, 4, 1);
INSERT INTO character_books (id, character_id, book_id) VALUES (5, 4, 2);
INSERT INTO character_books (id, character_id, book_id) VALUES (6, 4, 3);
INSERT INTO character_books (id, character_id, book_id) VALUES (7, 2, 3);
INSERT INTO character_books (id, character_id, book_id) VALUES (8, 3, 2);
INSERT INTO character_books (id, character_id, book_id) VALUES (9, 1, 1);
INSERT INTO character_books (id, character_id, book_id) VALUES (10, 1, 2);
INSERT INTO character_books (id, character_id, book_id) VALUES (11, 1, 3);
INSERT INTO character_books (id, character_id, book_id) VALUES (12, 4, 1);
INSERT INTO character_books (id, character_id, book_id) VALUES (13, 4, 2);
INSERT INTO character_books (id, character_id, book_id) VALUES (14, 4, 3);
INSERT INTO character_books (id, character_id, book_id) VALUES (15, 2, 3);
INSERT INTO character_books (id, character_id, book_id) VALUES (16, 3, 2);
